customerID,gender,SeniorCitizen,Partner,Dependents,tenure,PhoneService,MultipleLines,InternetService,OnlineSecurity,OnlineBackup,DeviceProtection,TechSupport,StreamingTV,StreamingMovies,Contract,PaperlessBilling,PaymentMethod,MonthlyCharges,TotalCharges,Churn,Original_Index,Churn_Probability,Predicted_Churn,Risk_Level,Customer_Segment,Retention_Recommendation
8375-DKEBR,Female,1,No,No,1,Yes,No,Fiber optic,No,No,No,No,No,No,Month-to-month,Yes,Electronic check,69.6,69.6,Yes,1731,0.97949123,1,High,1,Priority retention outreach; Offer annual or long-term contract incentive; Offer technical support assistance; Promote online security service; Offer online backup package; Provide early-stage customer engagement; Offer fiber service support or loyalty benefit
6861-XWTWQ,Male,1,Yes,No,7,Yes,Yes,Fiber optic,No,No,Yes,No,Yes,Yes,Month-to-month,Yes,Electronic check,99.25,665.45,Yes,2631,0.9788673,1,High,1,Priority retention outreach; Offer annual or long-term contract incentive; Offer technical support assistance; Promote online security service; Offer online backup package; Review pricing and provide personalized offer; Offer fiber service support or loyalty benefit
1820-TQVEV,Male,0,No,No,1,Yes,No,Fiber optic,No,No,No,No,No,No,Month-to-month,Yes,Electronic check,69.55,69.55,Yes,809,0.9743158,1,High,1,Priority retention outreach; Offer annual or long-term contract incentive; Offer technical support assistance; Promote online security service; Offer online backup package; Provide early-stage customer engagement; Offer fiber service support or loyalty benefit
3716-BDVDB,Male,0,No,No,1,Yes,No,Fiber optic,No,No,No,No,No,No,Month-to-month,Yes,Electronic check,69.1,69.1,Yes,3682,0.97408175,1,High,1,Priority retention outreach; Offer annual or long-term contract incentive; Offer technical support assistance; Promote online security service; Offer online backup package; Provide early-stage customer engagement; Offer fiber service support or loyalty benefit
5542-TBBWB,Male,0,No,No,1,Yes,No,Fiber optic,No,No,No,No,No,No,Month-to-month,Yes,Electronic check,69.9,69.9,No,2927,0.9739698,1,High,1,Priority retention outreach; Offer annual or long-term contract incentive; Offer technical support assistance; Promote online security service; Offer online backup package; Provide early-stage customer engagement; Offer fiber service support or loyalty benefit
9804-ICWBG,Male,0,No,No,1,Yes,No,Fiber optic,No,No,No,No,No,No,Month-to-month,Yes,Electronic check,69.9,69.9,Yes,1739,0.9739698,1,High,1,Priority retention outreach; Offer annual or long-term contract incentive; Offer technical support assistance; Promote online security service; Offer online backup package; Provide early-stage customer engagement; Offer fiber service support or loyalty benefit
3006-XIMLN,Female,0,No,Yes,2,Yes,Yes,Fiber optic,No,No,No,No,Yes,Yes,Month-to-month,Yes,Bank transfer (automatic),94.2,193.8,Yes,4678,0.9735078,1,High,1,Priority retention outreach; Offer annual or long-term contract incentive; Offer technical support assistance; Promote online security service; Offer online backup package; Review pricing and provide personalized offer; Provide early-stage customer engagement; Offer fiber service support or loyalty benefit
1069-XAIEM,Female,1,No,No,1,Yes,Yes,Fiber optic,No,No,No,No,No,Yes,Month-to-month,Yes,Electronic check,85.05,85.05,Yes,4585,0.97185105,1,High,1,Priority retention outreach; Offer annual or long-term contract incentive; Offer technical support assistance; Promote online security service; Offer online backup package; Review pricing and provide personalized offer; Provide early-stage customer engagement; Offer fiber service support or loyalty benefit
0295-PPHDO,Male,0,No,No,1,Yes,Yes,Fiber optic,No,No,No,No,Yes,Yes,Month-to-month,Yes,Electronic check,95.45,95.45,Yes,6866,0.97016925,1,High,1,Priority retention outreach; Offer annual or long-term contract incentive; Offer technical support assistance; Promote online security service; Offer online backup package; Review pricing and provide personalized offer; Provide early-stage customer engagement; Offer fiber service support or loyalty benefit
9248-OJYKK,Male,1,No,No,1,Yes,Yes,Fiber optic,No,No,No,No,No,No,Month-to-month,Yes,Electronic check,76.45,76.45,Yes,6623,0.9688899,1,High,1,Priority retention outreach; Offer annual or long-term contract incentive; Offer technical support assistance; Promote online security service; Offer online backup package; Provide early-stage customer engagement; Offer fiber service support or loyalty benefit
2545-EBUPK,Female,1,No,No,2,Yes,Yes,Fiber optic,No,No,No,No,No,Yes,Month-to-month,Yes,Electronic check,84.05,186.05,No,3346,0.967856,1,High,1,Priority retention outreach; Offer annual or long-term contract incentive; Offer technical support assistance; Promote online security service; Offer online backup package; Review pricing and provide personalized offer; Provide early-stage customer engagement; Offer fiber service support or loyalty benefit
1143-NMNQJ,Female,0,No,No,2,Yes,Yes,Fiber optic,No,No,No,No,No,Yes,Month-to-month,Yes,Electronic check,85.7,169.8,Yes,2729,0.9676257,1,High,1,Priority retention outreach; Offer annual or long-term contract incentive; Offer technical support assistance; Promote online security service; Offer online backup package; Review pricing and provide personalized offer; Provide early-stage customer engagement; Offer fiber service support or loyalty benefit
2514-GINMM,Male,0,No,No,1,Yes,No,Fiber optic,No,No,No,No,Yes,No,Month-to-month,Yes,Electronic check,79.5,79.5,Yes,2194,0.96446735,1,High,1,Priority retention outreach; Offer annual or long-term contract incentive; Offer technical support assistance; Promote online security service; Offer online backup package; Provide early-stage customer engagement; Offer fiber service support or loyalty benefit
0655-RBDUG,Male,0,No,No,7,Yes,Yes,Fiber optic,No,No,Yes,No,Yes,Yes,Month-to-month,Yes,Bank transfer (automatic),98.05,713.0,Yes,1073,0.96300924,1,High,1,Priority retention outreach; Offer annual or long-term contract incentive; Offer technical support assistance; Promote online security service; Offer online backup package; Review pricing and provide personalized offer; Offer fiber service support or loyalty benefit
8161-QYMTT,Male,0,No,No,7,Yes,Yes,Fiber optic,No,No,No,No,Yes,Yes,Month-to-month,Yes,Electronic check,94.1,701.3,No,4039,0.9613807,1,High,1,Priority retention outreach; Offer annual or long-term contract incentive; Offer technical support assistance; Promote online security service; Offer online backup package; Review pricing and provide personalized offer; Offer fiber service support or loyalty benefit
6372-RFVNS,Female,0,Yes,No,1,Yes,No,Fiber optic,No,No,No,No,Yes,No,Month-to-month,No,Electronic check,78.8,78.8,Yes,3906,0.95619935,1,High,1,Priority retention outreach; Offer annual or long-term contract incentive; Offer technical support assistance; Promote online security service; Offer online backup package; Provide early-stage customer engagement; Offer fiber service support or loyalty benefit
0679-IDSTG,Female,1,Yes,Yes,1,Yes,No,Fiber optic,No,No,No,No,No,No,Month-to-month,Yes,Electronic check,69.25,69.25,Yes,2900,0.95562327,1,High,1,Priority retention outreach; Offer annual or long-term contract incentive; Offer technical support assistance; Promote online security service; Offer online backup package; Provide early-stage customer engagement; Offer fiber service support or loyalty benefit
8884-ADFVN,Male,1,Yes,No,7,Yes,Yes,Fiber optic,No,No,Yes,No,Yes,Yes,Month-to-month,Yes,Electronic check,101.95,700.85,Yes,6365,0.95445496,1,High,1,Priority retention outreach; Offer annual or long-term contract incentive; Offer technical support assistance; Promote online security service; Offer online backup package; Review pricing and provide personalized offer; Offer fiber service support or loyalty benefit
5178-LMXOP,Male,1,Yes,No,1,Yes,Yes,Fiber optic,No,No,No,No,Yes,Yes,Month-to-month,Yes,Electronic check,95.1,95.1,Yes,3380,0.95171344,1,High,1,Priority retention outreach; Offer annual or long-term contract incentive; Offer technical support assistance; Promote online security service; Offer online backup package; Review pricing and provide personalized offer; Provide early-stage customer engagement; Offer fiber service support or loyalty benefit
0841-NULXI,Male,0,No,No,1,No,No phone service,DSL,No,No,No,No,No,Yes,Month-to-month,Yes,Electronic check,35.55,35.55,Yes,1144,0.9503297,1,High,1,Priority retention outreach; Offer annual or long-term contract incentive; Offer technical support assistance; Promote online security service; Offer online backup package; Provide early-stage customer engagement
2609-IAICY,Female,0,No,No,1,Yes,Yes,Fiber optic,No,No,No,No,No,No,Month-to-month,Yes,Electronic check,77.15,77.15,Yes,2464,0.95030636,1,High,1,Priority retention outreach; Offer annual or long-term contract incentive; Offer technical support assistance; Promote online security service; Offer online backup package; Provide early-stage customer engagement; Offer fiber service support or loyalty benefit
6328-ZPBGN,Female,1,No,No,11,Yes,Yes,Fiber optic,No,No,No,No,Yes,Yes,Month-to-month,Yes,Bank transfer (automatic),95.15,997.65,Yes,6179,0.94348055,1,High,1,Priority retention outreach; Offer annual or long-term contract incentive; Offer technical support assistance; Promote online security service; Offer online backup package; Review pricing and provide personalized offer; Offer fiber service support or loyalty benefit
6230-BSUXY,Female,1,No,No,1,Yes,No,Fiber optic,No,No,Yes,No,No,Yes,Month-to-month,Yes,Electronic check,85.0,85.0,Yes,6748,0.9418306,1,High,1,Priority retention outreach; Offer annual or long-term contract incentive; Offer technical support assistance; Promote online security service; Offer online backup package; Review pricing and provide personalized offer; Provide early-stage customer engagement; Offer fiber service support or loyalty benefit
5186-SAMNZ,Male,1,No,No,1,Yes,No,Fiber optic,No,No,No,No,No,No,Month-to-month,Yes,Bank transfer (automatic),69.5,69.5,Yes,2517,0.9404329,1,High,1,Priority retention outreach; Offer annual or long-term contract incentive; Offer technical support assistance; Promote online security service; Offer online backup package; Provide early-stage customer engagement; Offer fiber service support or loyalty benefit
8622-ZLFKO,Female,0,Yes,No,6,Yes,Yes,Fiber optic,No,Yes,No,No,No,Yes,Month-to-month,Yes,Electronic check,90.75,512.25,No,2493,0.93970937,1,High,1,Priority retention outreach; Offer annual or long-term contract incentive; Offer technical support assistance; Promote online security service; Review pricing and provide personalized offer; Provide early-stage customer engagement; Offer fiber service support or loyalty benefit
6137-NICCO,Female,0,Yes,Yes,6,Yes,Yes,Fiber optic,No,Yes,Yes,No,Yes,No,Month-to-month,Yes,Mailed check,94.05,518.75,No,3822,0.9358248,1,High,1,Priority retention outreach; Offer annual or long-term contract incentive; Offer technical support assistance; Promote online security service; Review pricing and provide personalized offer; Provide early-stage customer engagement; Offer fiber service support or loyalty benefit
5167-ZFFMM,Male,0,No,No,1,Yes,Yes,Fiber optic,No,Yes,No,No,No,Yes,Month-to-month,Yes,Credit card (automatic),90.85,90.85,Yes,383,0.93534154,1,High,1,Priority retention outreach; Offer annual or long-term contract incentive; Offer technical support assistance; Promote online security service; Review pricing and provide personalized offer; Provide early-stage customer engagement; Offer fiber service support or loyalty benefit
4587-VVTOX,Female,0,Yes,No,6,Yes,Yes,Fiber optic,No,Yes,Yes,No,Yes,Yes,Month-to-month,Yes,Electronic check,105.3,545.2,Yes,3956,0.9346493,1,High,1,Priority retention outreach; Offer annual or long-term contract incentive; Offer technical support assistance; Promote online security service; Review pricing and provide personalized offer; Provide early-stage customer engagement; Offer fiber service support or loyalty benefit
4415-IJZTP,Female,0,No,No,1,Yes,Yes,Fiber optic,No,No,No,No,No,No,Month-to-month,Yes,Electronic check,74.5,74.5,Yes,6633,0.93408734,1,High,1,Priority retention outreach; Offer annual or long-term contract incentive; Offer technical support assistance; Promote online security service; Offer online backup package; Provide early-stage customer engagement; Offer fiber service support or loyalty benefit
2867-UIMSS,Male,0,No,No,1,Yes,No,Fiber optic,No,No,No,No,No,Yes,Month-to-month,No,Electronic check,80.5,80.5,Yes,6190,0.9326126,1,High,1,Priority retention outreach; Offer annual or long-term contract incentive; Offer technical support assistance; Promote online security service; Offer online backup package; Review pricing and provide personalized offer; Provide early-stage customer engagement; Offer fiber service support or loyalty benefit
2254-DLXRI,Female,0,No,No,1,Yes,Yes,Fiber optic,No,Yes,No,No,No,No,Month-to-month,Yes,Mailed check,79.15,79.15,No,3536,0.93234384,1,High,1,Priority retention outreach; Offer annual or long-term contract incentive; Offer technical support assistance; Promote online security service; Provide early-stage customer engagement; Offer fiber service support or loyalty benefit
7180-PISOG,Male,0,Yes,Yes,1,Yes,Yes,Fiber optic,No,No,No,No,No,No,Month-to-month,Yes,Electronic check,74.5,74.5,Yes,2275,0.9322985,1,High,1,Priority retention outreach; Offer annual or long-term contract incentive; Offer technical support assistance; Promote online security service; Offer online backup package; Provide early-stage customer engagement; Offer fiber service support or loyalty benefit
6023-YEBUP,Male,0,No,No,3,Yes,Yes,Fiber optic,No,No,Yes,No,Yes,Yes,Month-to-month,Yes,Electronic check,100.95,329.95,Yes,2797,0.9322907,1,High,1,Priority retention outreach; Offer annual or long-term contract incentive; Offer technical support assistance; Promote online security service; Offer online backup package; Review pricing and provide personalized offer; Provide early-stage customer engagement; Offer fiber service support or loyalty benefit
9057-SIHCH,Female,0,No,No,3,Yes,Yes,Fiber optic,No,No,No,No,Yes,Yes,Month-to-month,Yes,Electronic check,96.6,291.9,Yes,3727,0.9315761,1,High,1,Priority retention outreach; Offer annual or long-term contract incentive; Offer technical support assistance; Promote online security service; Offer online backup package; Review pricing and provide personalized offer; Provide early-stage customer engagement; Offer fiber service support or loyalty benefit
2754-SDJRD,Female,1,No,No,8,Yes,Yes,Fiber optic,No,No,No,Yes,Yes,Yes,Month-to-month,Yes,Credit card (automatic),100.15,908.55,No,2280,0.9300961,1,High,1,Priority retention outreach; Offer annual or long-term contract incentive; Promote online security service; Offer online backup package; Review pricing and provide personalized offer; Offer fiber service support or loyalty benefit
4927-WWOOZ,Male,0,Yes,No,2,Yes,Yes,Fiber optic,No,No,Yes,No,Yes,No,Month-to-month,Yes,Electronic check,91.45,171.45,No,2519,0.9298065,1,High,1,Priority retention outreach; Offer annual or long-term contract incentive; Offer technical support assistance; Promote online security service; Offer online backup package; Review pricing and provide personalized offer; Provide early-stage customer engagement; Offer fiber service support or loyalty benefit
2202-CUYXZ,Male,0,No,No,1,Yes,No,Fiber optic,No,No,Yes,No,Yes,No,Month-to-month,Yes,Electronic check,84.85,84.85,Yes,5943,0.92950225,1,High,1,Priority retention outreach; Offer annual or long-term contract incentive; Offer technical support assistance; Promote online security service; Offer online backup package; Review pricing and provide personalized offer; Provide early-stage customer engagement; Offer fiber service support or loyalty benefit
9507-EXLTT,Female,0,Yes,No,1,Yes,No,Fiber optic,No,No,No,No,Yes,No,Month-to-month,Yes,Bank transfer (automatic),79.35,79.35,Yes,5826,0.9274301,1,High,1,Priority retention outreach; Offer annual or long-term contract incentive; Offer technical support assistance; Promote online security service; Offer online backup package; Provide early-stage customer engagement; Offer fiber service support or loyalty benefit
4750-ZRXIU,Female,1,No,No,4,Yes,Yes,Fiber optic,No,No,No,No,No,Yes,Month-to-month,Yes,Electronic check,84.6,360.1,Yes,933,0.92742294,1,High,1,Priority retention outreach; Offer annual or long-term contract incentive; Offer technical support assistance; Promote online security service; Offer online backup package; Review pricing and provide personalized offer; Provide early-stage customer engagement; Offer fiber service support or loyalty benefit
7249-WBIYX,Male,0,Yes,No,10,Yes,Yes,Fiber optic,No,No,No,No,Yes,No,Month-to-month,Yes,Electronic check,85.6,813.85,Yes,1366,0.92563677,1,High,1,Priority retention outreach; Offer annual or long-term contract incentive; Offer technical support assistance; Promote online security service; Offer online backup package; Review pricing and provide personalized offer; Offer fiber service support or loyalty benefit
3707-GNWHM,Male,0,No,No,1,Yes,Yes,Fiber optic,No,No,No,No,No,No,Month-to-month,Yes,Mailed check,74.25,74.25,Yes,2510,0.9245568,1,High,1,Priority retention outreach; Offer annual or long-term contract incentive; Offer technical support assistance; Promote online security service; Offer online backup package; Provide early-stage customer engagement; Offer fiber service support or loyalty benefit
6857-VWJDT,Female,0,No,No,1,Yes,Yes,Fiber optic,No,No,No,No,Yes,Yes,Month-to-month,No,Mailed check,95.65,95.65,Yes,2753,0.9224997,1,High,1,Priority retention outreach; Offer annual or long-term contract incentive; Offer technical support assistance; Promote online security service; Offer online backup package; Review pricing and provide personalized offer; Provide early-stage customer engagement; Offer fiber service support or loyalty benefit
4713-LZDRV,Female,1,No,No,2,Yes,No,Fiber optic,No,No,No,No,No,Yes,Month-to-month,Yes,Electronic check,79.6,195.05,Yes,5039,0.92214996,1,High,1,Priority retention outreach; Offer annual or long-term contract incentive; Offer technical support assistance; Promote online security service; Offer online backup package; Provide early-stage customer engagement; Offer fiber service support or loyalty benefit
2034-GDRCN,Female,0,No,No,2,Yes,No,Fiber optic,No,No,No,No,Yes,Yes,Month-to-month,Yes,Electronic check,90.4,168.2,Yes,346,0.919671,1,High,1,Priority retention outreach; Offer annual or long-term contract incentive; Offer technical support assistance; Promote online security service; Offer online backup package; Review pricing and provide personalized offer; Provide early-stage customer engagement; Offer fiber service support or loyalty benefit
5196-SGOAK,Female,0,No,No,1,Yes,No,Fiber optic,No,Yes,No,No,No,No,Month-to-month,Yes,Electronic check,75.7,75.7,Yes,5706,0.91877645,1,High,1,Priority retention outreach; Offer annual or long-term contract incentive; Offer technical support assistance; Promote online security service; Provide early-stage customer engagement; Offer fiber service support or loyalty benefit
6910-HADCM,Female,0,No,No,1,Yes,No,Fiber optic,No,No,Yes,No,No,No,Month-to-month,No,Electronic check,76.35,76.35,Yes,1807,0.9154596,1,High,1,Priority retention outreach; Offer annual or long-term contract incentive; Offer technical support assistance; Promote online security service; Offer online backup package; Provide early-stage customer engagement; Offer fiber service support or loyalty benefit
8258-GSTJK,Male,1,No,No,3,Yes,Yes,Fiber optic,No,No,No,No,No,No,Month-to-month,Yes,Electronic check,77.0,237.75,Yes,5098,0.9154381,1,High,1,Priority retention outreach; Offer annual or long-term contract incentive; Offer technical support assistance; Promote online security service; Offer online backup package; Provide early-stage customer engagement; Offer fiber service support or loyalty benefit
4445-ZJNMU,Male,0,No,No,9,Yes,Yes,Fiber optic,No,Yes,No,No,Yes,Yes,Month-to-month,Yes,Credit card (automatic),99.3,918.75,No,85,0.91206336,1,High,1,Priority retention outreach; Offer annual or long-term contract incentive; Offer technical support assistance; Promote online security service; Review pricing and provide personalized offer; Offer fiber service support or loyalty benefit
3677-IYRBF,Female,1,No,No,2,No,No phone service,DSL,No,No,Yes,No,No,No,Month-to-month,Yes,Electronic check,30.4,78.65,Yes,3043,0.91045594,1,High,1,Priority retention outreach; Offer annual or long-term contract incentive; Offer technical support assistance; Promote online security service; Offer online backup package; Provide early-stage customer engagement
5419-CONWX,Female,1,No,No,4,Yes,No,Fiber optic,No,Yes,Yes,No,Yes,Yes,Month-to-month,Yes,Credit card (automatic),99.8,442.85,Yes,1401,0.909331,1,High,1,Priority retention outreach; Offer annual or long-term contract incentive; Offer technical support assistance; Promote online security service; Review pricing and provide personalized offer; Provide early-stage customer engagement; Offer fiber service support or loyalty benefit
3722-WPXTK,Male,0,No,No,1,Yes,No,Fiber optic,No,No,No,No,Yes,Yes,Month-to-month,Yes,Electronic check,88.35,88.35,Yes,2397,0.90890485,1,High,1,Priority retention outreach; Offer annual or long-term contract incentive; Offer technical support assistance; Promote online security service; Offer online backup package; Review pricing and provide personalized offer; Provide early-stage customer engagement; Offer fiber service support or loyalty benefit
1768-ZAIFU,Female,1,No,No,1,No,No phone service,DSL,No,No,No,No,No,No,Month-to-month,Yes,Electronic check,25.2,25.2,Yes,1334,0.90798074,1,High,1,Priority retention outreach; Offer annual or long-term contract incentive; Offer technical support assistance; Promote online security service; Offer online backup package; Provide early-stage customer engagement
9334-GWGOW,Male,1,Yes,No,7,Yes,Yes,Fiber optic,No,No,No,No,No,No,Month-to-month,Yes,Electronic check,74.85,485.25,No,5627,0.90796375,1,High,1,Priority retention outreach; Offer annual or long-term contract incentive; Offer technical support assistance; Promote online security service; Offer online backup package; Offer fiber service support or loyalty benefit
7181-BQYBV,Female,0,Yes,Yes,1,Yes,Yes,Fiber optic,Yes,No,Yes,No,Yes,Yes,Month-to-month,Yes,Electronic check,102.45,102.45,Yes,2246,0.907199,1,High,1,Priority retention outreach; Offer annual or long-term contract incentive; Offer technical support assistance; Offer online backup package; Review pricing and provide personalized offer; Provide early-stage customer engagement; Offer fiber service support or loyalty benefit
0970-ETWGE,Male,0,No,No,1,Yes,No,Fiber optic,No,No,No,No,Yes,Yes,Month-to-month,Yes,Electronic check,89.55,89.55,Yes,642,0.9068545,1,High,1,Priority retention outreach; Offer annual or long-term contract incentive; Offer technical support assistance; Promote online security service; Offer online backup package; Review pricing and provide personalized offer; Provide early-stage customer engagement; Offer fiber service support or loyalty benefit
1628-BIZYP,Male,0,No,No,1,Yes,No,Fiber optic,No,Yes,No,No,No,Yes,Month-to-month,Yes,Electronic check,85.0,85.0,No,5905,0.9057921,1,High,1,Priority retention outreach; Offer annual or long-term contract incentive; Offer technical support assistance; Promote online security service; Review pricing and provide personalized offer; Provide early-stage customer engagement; Offer fiber service support or loyalty benefit
7273-TEFQD,Male,1,No,No,3,No,No phone service,DSL,No,No,Yes,No,No,Yes,Month-to-month,Yes,Electronic check,41.15,132.2,Yes,260,0.90571886,1,High,1,Priority retention outreach; Offer annual or long-term contract incentive; Offer technical support assistance; Promote online security service; Offer online backup package; Provide early-stage customer engagement
3320-VEOYC,Male,1,No,No,14,Yes,Yes,Fiber optic,No,No,No,No,Yes,Yes,Month-to-month,Yes,Electronic check,95.6,1273.3,No,5019,0.9055877,1,High,1,Priority retention outreach; Offer annual or long-term contract incentive; Offer technical support assistance; Promote online security service; Offer online backup package; Review pricing and provide personalized offer; Offer fiber service support or loyalty benefit
8593-WHYHV,Male,0,No,No,3,Yes,Yes,Fiber optic,No,No,No,No,No,Yes,Month-to-month,Yes,Electronic check,85.3,264.8,Yes,1696,0.9035024,1,High,1,Priority retention outreach; Offer annual or long-term contract incentive; Offer technical support assistance; Promote online security service; Offer online backup package; Review pricing and provide personalized offer; Provide early-stage customer engagement; Offer fiber service support or loyalty benefit
6651-AZVTJ,Male,0,Yes,Yes,49,Yes,Yes,Fiber optic,No,No,Yes,No,Yes,Yes,Month-to-month,Yes,Electronic check,99.8,4872.45,Yes,1926,0.895474,1,High,0,Priority retention outreach; Offer annual or long-term contract incentive; Offer technical support assistance; Promote online security service; Offer online backup package; Review pricing and provide personalized offer; Offer fiber service support or loyalty benefit
4735-ASGMA,Male,0,No,No,26,Yes,Yes,Fiber optic,No,No,Yes,No,Yes,Yes,Month-to-month,Yes,Electronic check,98.35,2515.3,Yes,4947,0.890909,1,High,1,Priority retention outreach; Offer annual or long-term contract incentive; Offer technical support assistance; Promote online security service; Offer online backup package; Review pricing and provide personalized offer; Offer fiber service support or loyalty benefit
1240-KNSEZ,Male,0,No,No,1,Yes,No,No,No internet service,No internet service,No internet service,No internet service,No internet service,No internet service,Month-to-month,Yes,Mailed check,20.1,20.1,Yes,3679,0.8883426,1,High,1,Priority retention outreach; Offer annual or long-term contract incentive; Provide early-stage customer engagement
2077-MPJQO,Male,1,Yes,No,7,Yes,Yes,Fiber optic,No,No,No,No,No,No,Month-to-month,Yes,Electronic check,75.4,533.05,No,5839,0.8831669,1,High,1,Priority retention outreach; Offer annual or long-term contract incentive; Offer technical support assistance; Promote online security service; Offer online backup package; Offer fiber service support or loyalty benefit
3422-LYEPQ,Male,0,Yes,Yes,1,Yes,No,Fiber optic,No,No,No,No,No,No,Month-to-month,Yes,Electronic check,71.0,71.0,Yes,5812,0.88266164,1,High,1,Priority retention outreach; Offer annual or long-term contract incentive; Offer technical support assistance; Promote online security service; Offer online backup package; Provide early-stage customer engagement; Offer fiber service support or loyalty benefit
8380-PEFPE,Male,0,No,Yes,1,Yes,No,Fiber optic,No,No,No,No,No,No,Month-to-month,Yes,Electronic check,71.65,71.65,Yes,1783,0.880878,1,High,1,Priority retention outreach; Offer annual or long-term contract incentive; Offer technical support assistance; Promote online security service; Offer online backup package; Provide early-stage customer engagement; Offer fiber service support or loyalty benefit
1751-NCDLI,Male,1,Yes,No,46,Yes,Yes,Fiber optic,No,No,Yes,No,Yes,Yes,Month-to-month,Yes,Electronic check,98.85,4564.9,No,1081,0.8785122,1,High,0,Priority retention outreach; Offer annual or long-term contract incentive; Offer technical support assistance; Promote online security service; Offer online backup package; Review pricing and provide personalized offer; Offer fiber service support or loyalty benefit
8775-ERLNB,Male,1,Yes,No,1,Yes,Yes,Fiber optic,No,No,No,No,No,No,Month-to-month,No,Electronic check,74.3,74.3,No,2036,0.8767017,1,High,1,Priority retention outreach; Offer annual or long-term contract incentive; Offer technical support assistance; Promote online security service; Offer online backup package; Provide early-stage customer engagement; Offer fiber service support or loyalty benefit
4090-KPJIP,Female,0,No,No,3,Yes,Yes,Fiber optic,No,No,No,No,No,No,Month-to-month,Yes,Electronic check,74.95,212.4,No,3885,0.8763691,1,High,1,Priority retention outreach; Offer annual or long-term contract incentive; Offer technical support assistance; Promote online security service; Offer online backup package; Provide early-stage customer engagement; Offer fiber service support or loyalty benefit
1731-TVIUK,Female,0,No,No,4,Yes,Yes,Fiber optic,No,Yes,No,Yes,No,Yes,Month-to-month,Yes,Electronic check,93.5,362.2,Yes,3991,0.87165743,1,High,1,Priority retention outreach; Offer annual or long-term contract incentive; Promote online security service; Review pricing and provide personalized offer; Provide early-stage customer engagement; Offer fiber service support or loyalty benefit
7056-IMHCC,Male,1,Yes,No,53,Yes,Yes,Fiber optic,No,Yes,No,No,Yes,Yes,Month-to-month,Yes,Electronic check,101.9,5549.4,Yes,3411,0.8702401,1,High,0,Priority retention outreach; Offer annual or long-term contract incentive; Offer technical support assistance; Promote online security service; Review pricing and provide personalized offer; Offer fiber service support or loyalty benefit
1853-UDXBW,Male,0,Yes,Yes,1,Yes,No,Fiber optic,No,No,No,No,No,No,Month-to-month,Yes,Electronic check,70.0,70.0,Yes,4640,0.8687862,1,High,1,Priority retention outreach; Offer annual or long-term contract incentive; Offer technical support assistance; Promote online security service; Offer online backup package; Provide early-stage customer engagement; Offer fiber service support or loyalty benefit
2865-TCHJW,Female,1,No,No,4,Yes,Yes,Fiber optic,No,No,Yes,No,Yes,No,Month-to-month,Yes,Electronic check,89.2,346.2,Yes,582,0.8686898,1,High,1,Priority retention outreach; Offer annual or long-term contract incentive; Offer technical support assistance; Promote online security service; Offer online backup package; Review pricing and provide personalized offer; Provide early-stage customer engagement; Offer fiber service support or loyalty benefit
1980-KXVPM,Female,1,No,No,3,Yes,Yes,Fiber optic,No,No,No,No,No,No,Month-to-month,Yes,Credit card (automatic),75.05,256.25,Yes,7008,0.8678079,1,High,1,Priority retention outreach; Offer annual or long-term contract incentive; Offer technical support assistance; Promote online security service; Offer online backup package; Provide early-stage customer engagement; Offer fiber service support or loyalty benefit
8699-ASUFO,Male,1,Yes,No,7,Yes,Yes,Fiber optic,No,No,No,No,No,No,Month-to-month,Yes,Mailed check,74.4,527.9,Yes,2168,0.8677528,1,High,1,Priority retention outreach; Offer annual or long-term contract incentive; Offer technical support assistance; Promote online security service; Offer online backup package; Offer fiber service support or loyalty benefit
8752-STIVR,Female,0,No,No,4,Yes,No,Fiber optic,No,No,No,No,Yes,No,Month-to-month,Yes,Electronic check,79.0,303.15,Yes,6322,0.8674213,1,High,1,Priority retention outreach; Offer annual or long-term contract incentive; Offer technical support assistance; Promote online security service; Offer online backup package; Provide early-stage customer engagement; Offer fiber service support or loyalty benefit
3672-YITQD,Male,1,Yes,No,36,Yes,Yes,Fiber optic,No,No,No,No,No,Yes,Month-to-month,Yes,Electronic check,84.1,3021.6,Yes,5177,0.86720794,1,High,0,Priority retention outreach; Offer annual or long-term contract incentive; Offer technical support assistance; Promote online security service; Offer online backup package; Review pricing and provide personalized offer; Offer fiber service support or loyalty benefit
8443-ZRDBZ,Male,0,No,No,4,Yes,Yes,Fiber optic,No,No,No,No,No,No,Month-to-month,Yes,Electronic check,76.05,318.9,Yes,3755,0.867189,1,High,1,Priority retention outreach; Offer annual or long-term contract incentive; Offer technical support assistance; Promote online security service; Offer online backup package; Provide early-stage customer engagement; Offer fiber service support or loyalty benefit
2800-QQUSO,Male,0,No,No,42,Yes,Yes,Fiber optic,No,No,No,Yes,Yes,Yes,Month-to-month,Yes,Electronic check,100.3,4222.95,No,3798,0.8663918,1,High,0,Priority retention outreach; Offer annual or long-term contract incentive; Promote online security service; Offer online backup package; Review pricing and provide personalized offer; Offer fiber service support or loyalty benefit
8397-MVTAZ,Male,0,Yes,No,34,Yes,Yes,Fiber optic,No,No,Yes,No,Yes,Yes,Month-to-month,Yes,Electronic check,100.05,3480.0,Yes,524,0.8663236,1,High,0,Priority retention outreach; Offer annual or long-term contract incentive; Offer technical support assistance; Promote online security service; Offer online backup package; Review pricing and provide personalized offer; Offer fiber service support or loyalty benefit
4229-CZMLL,Male,0,No,No,6,Yes,Yes,Fiber optic,No,No,No,No,No,No,Month-to-month,Yes,Electronic check,74.9,469.8,Yes,4154,0.8644339,1,High,1,Priority retention outreach; Offer annual or long-term contract incentive; Offer technical support assistance; Promote online security service; Offer online backup package; Provide early-stage customer engagement; Offer fiber service support or loyalty benefit
9221-OTIVJ,Female,1,No,No,14,Yes,Yes,Fiber optic,No,Yes,Yes,No,Yes,Yes,Month-to-month,Yes,Electronic check,104.85,1531.4,Yes,2448,0.86406523,1,High,1,Priority retention outreach; Offer annual or long-term contract incentive; Offer technical support assistance; Promote online security service; Review pricing and provide personalized offer; Offer fiber service support or loyalty benefit
0616-ATFGB,Male,1,Yes,No,1,No,No phone service,DSL,No,No,No,No,No,No,Month-to-month,No,Electronic check,25.05,25.05,Yes,6509,0.8637947,1,High,1,Priority retention outreach; Offer annual or long-term contract incentive; Offer technical support assistance; Promote online security service; Offer online backup package; Provide early-stage customer engagement
3585-ISXZP,Female,0,No,No,8,Yes,Yes,Fiber optic,No,No,No,No,Yes,Yes,Month-to-month,No,Bank transfer (automatic),95.65,778.1,Yes,6991,0.86331326,1,High,1,Priority retention outreach; Offer annual or long-term contract incentive; Offer technical support assistance; Promote online security service; Offer online backup package; Review pricing and provide personalized offer; Offer fiber service support or loyalty benefit
8739-XNIKG,Female,0,No,No,5,Yes,Yes,Fiber optic,No,No,No,No,Yes,No,Month-to-month,Yes,Electronic check,84.0,424.75,No,2350,0.8622874,1,High,1,Priority retention outreach; Offer annual or long-term contract incentive; Offer technical support assistance; Promote online security service; Offer online backup package; Review pricing and provide personalized offer; Provide early-stage customer engagement; Offer fiber service support or loyalty benefit
1448-PWKYE,Male,0,Yes,Yes,1,Yes,No,Fiber optic,No,No,No,No,No,Yes,Month-to-month,No,Electronic check,80.0,80.0,Yes,680,0.86199963,1,High,1,Priority retention outreach; Offer annual or long-term contract incentive; Offer technical support assistance; Promote online security service; Offer online backup package; Review pricing and provide personalized offer; Provide early-stage customer engagement; Offer fiber service support or loyalty benefit
6969-MVBAI,Female,1,No,No,9,Yes,Yes,Fiber optic,No,No,Yes,No,Yes,No,Month-to-month,Yes,Electronic check,90.1,816.8,No,6574,0.861372,1,High,1,Priority retention outreach; Offer annual or long-term contract incentive; Offer technical support assistance; Promote online security service; Offer online backup package; Review pricing and provide personalized offer; Offer fiber service support or loyalty benefit
2495-INZWQ,Male,0,No,No,4,No,No phone service,DSL,No,No,No,No,Yes,Yes,Month-to-month,Yes,Electronic check,44.55,174.3,Yes,2748,0.86116105,1,High,1,Priority retention outreach; Offer annual or long-term contract incentive; Offer technical support assistance; Promote online security service; Offer online backup package; Provide early-stage customer engagement
3244-DCJWY,Female,0,No,No,1,Yes,No,Fiber optic,No,No,No,No,No,No,Month-to-month,Yes,Electronic check,70.25,70.25,Yes,5662,0.8608129,1,High,1,Priority retention outreach; Offer annual or long-term contract incentive; Offer technical support assistance; Promote online security service; Offer online backup package; Provide early-stage customer engagement; Offer fiber service support or loyalty benefit
9685-WKZGT,Male,1,No,No,14,Yes,Yes,Fiber optic,No,No,No,No,No,No,Month-to-month,Yes,Electronic check,74.95,1036.75,Yes,3006,0.85931206,1,High,1,Priority retention outreach; Offer annual or long-term contract incentive; Offer technical support assistance; Promote online security service; Offer online backup package; Offer fiber service support or loyalty benefit
8245-UMPYT,Female,1,No,No,16,Yes,Yes,Fiber optic,No,No,No,No,Yes,Yes,Month-to-month,Yes,Electronic check,96.4,1581.2,Yes,2516,0.8582232,1,High,1,Priority retention outreach; Offer annual or long-term contract incentive; Offer technical support assistance; Promote online security service; Offer online backup package; Review pricing and provide personalized offer; Offer fiber service support or loyalty benefit
0871-URUWO,Male,0,Yes,No,13,Yes,Yes,Fiber optic,No,No,Yes,No,Yes,Yes,Month-to-month,Yes,Credit card (automatic),102.25,1359.0,Yes,6125,0.8570556,1,High,1,Priority retention outreach; Offer annual or long-term contract incentive; Offer technical support assistance; Promote online security service; Offer online backup package; Review pricing and provide personalized offer; Offer fiber service support or loyalty benefit
7409-KIUTL,Female,1,No,Yes,1,Yes,No,Fiber optic,No,No,No,No,No,No,Month-to-month,Yes,Electronic check,71.0,71.0,Yes,2888,0.85471463,1,High,1,Priority retention outreach; Offer annual or long-term contract incentive; Offer technical support assistance; Promote online security service; Offer online backup package; Provide early-stage customer engagement; Offer fiber service support or loyalty benefit
8739-WWKDU,Male,1,No,No,25,Yes,Yes,Fiber optic,No,Yes,No,No,Yes,No,Month-to-month,Yes,Electronic check,89.5,2196.15,Yes,6967,0.85441506,1,High,1,Priority retention outreach; Offer annual or long-term contract incentive; Offer technical support assistance; Promote online security service; Review pricing and provide personalized offer; Offer fiber service support or loyalty benefit
2025-JKFWI,Male,0,No,No,13,Yes,Yes,Fiber optic,No,No,No,Yes,Yes,Yes,Month-to-month,Yes,Mailed check,99.0,1301.7,Yes,6838,0.8531694,1,High,1,Priority retention outreach; Offer annual or long-term contract incentive; Promote online security service; Offer online backup package; Review pricing and provide personalized offer; Offer fiber service support or loyalty benefit
2737-YNGYW,Female,0,No,No,2,Yes,No,Fiber optic,No,No,No,No,No,Yes,Month-to-month,No,Electronic check,80.55,184.1,Yes,2156,0.85289925,1,High,1,Priority retention outreach; Offer annual or long-term contract incentive; Offer technical support assistance; Promote online security service; Offer online backup package; Review pricing and provide personalized offer; Provide early-stage customer engagement; Offer fiber service support or loyalty benefit
5376-DEQCP,Female,0,No,No,1,Yes,No,Fiber optic,No,No,No,No,No,No,Month-to-month,Yes,Electronic check,70.6,70.6,Yes,5393,0.85287553,1,High,1,Priority retention outreach; Offer annual or long-term contract incentive; Offer technical support assistance; Promote online security service; Offer online backup package; Provide early-stage customer engagement; Offer fiber service support or loyalty benefit
6979-ZNSFF,Female,0,No,No,8,Yes,Yes,Fiber optic,No,No,No,No,Yes,No,Month-to-month,Yes,Electronic check,87.05,762.1,Yes,3087,0.8523088,1,High,1,Priority retention outreach; Offer annual or long-term contract incentive; Offer technical support assistance; Promote online security service; Offer online backup package; Review pricing and provide personalized offer; Offer fiber service support or loyalty benefit
8083-YTZES,Male,0,No,No,4,Yes,Yes,Fiber optic,No,No,No,No,No,No,Month-to-month,Yes,Electronic check,74.35,265.35,Yes,6970,0.8514951,1,High,1,Priority retention outreach; Offer annual or long-term contract incentive; Offer technical support assistance; Promote online security service; Offer online backup package; Provide early-stage customer engagement; Offer fiber service support or loyalty benefit
2665-NPTGL,Female,1,Yes,No,26,Yes,Yes,Fiber optic,No,No,Yes,No,Yes,Yes,Month-to-month,Yes,Bank transfer (automatic),98.1,2510.7,No,4473,0.84989315,1,High,1,Priority retention outreach; Offer annual or long-term contract incentive; Offer technical support assistance; Promote online security service; Offer online backup package; Review pricing and provide personalized offer; Offer fiber service support or loyalty benefit
9878-TNQGW,Male,0,No,No,2,Yes,No,Fiber optic,No,No,No,No,No,Yes,Month-to-month,Yes,Electronic check,80.95,171.15,Yes,1083,0.84569323,1,High,1,Priority retention outreach; Offer annual or long-term contract incentive; Offer technical support assistance; Promote online security service; Offer online backup package; Review pricing and provide personalized offer; Provide early-stage customer engagement; Offer fiber service support or loyalty benefit
1320-HTRDR,Female,0,No,No,3,Yes,Yes,Fiber optic,No,No,No,No,No,No,Month-to-month,Yes,Electronic check,75.5,220.6,Yes,5610,0.8455261,1,High,1,Priority retention outreach; Offer annual or long-term contract incentive; Offer technical support assistance; Promote online security service; Offer online backup package; Provide early-stage customer engagement; Offer fiber service support or loyalty benefit
7952-OBOYL,Male,0,No,No,3,Yes,No,Fiber optic,No,No,Yes,Yes,Yes,No,Month-to-month,Yes,Mailed check,89.85,244.45,No,6889,0.84551543,1,High,1,Priority retention outreach; Offer annual or long-term contract incentive; Promote online security service; Offer online backup package; Review pricing and provide personalized offer; Provide early-stage customer engagement; Offer fiber service support or loyalty benefit
6338-AVWCY,Male,0,No,No,3,No,No phone service,DSL,No,No,Yes,No,Yes,No,Month-to-month,Yes,Mailed check,40.15,130.75,Yes,6043,0.8452468,1,High,1,Priority retention outreach; Offer annual or long-term contract incentive; Offer technical support assistance; Promote online security service; Offer online backup package; Provide early-stage customer engagement
5382-SOYZL,Male,0,No,No,22,Yes,Yes,Fiber optic,No,No,No,No,Yes,Yes,Month-to-month,Yes,Electronic check,95.1,2162.6,No,954,0.8411406,1,High,1,Priority retention outreach; Offer annual or long-term contract incentive; Offer technical support assistance; Promote online security service; Offer online backup package; Review pricing and provide personalized offer; Offer fiber service support or loyalty benefit
5698-BQJOH,Female,0,No,No,9,Yes,Yes,Fiber optic,No,No,No,No,Yes,Yes,Month-to-month,No,Electronic check,94.4,857.25,Yes,64,0.8410557,1,High,1,Priority retention outreach; Offer annual or long-term contract incentive; Offer technical support assistance; Promote online security service; Offer online backup package; Review pricing and provide personalized offer; Offer fiber service support or loyalty benefit
6892-XPFPU,Male,1,Yes,No,24,Yes,Yes,Fiber optic,No,Yes,Yes,No,Yes,Yes,Month-to-month,Yes,Electronic check,104.25,2433.9,Yes,5133,0.83866185,1,High,0,Priority retention outreach; Offer annual or long-term contract incentive; Offer technical support assistance; Promote online security service; Review pricing and provide personalized offer; Offer fiber service support or loyalty benefit
6630-UJZMY,Female,1,Yes,No,4,Yes,Yes,Fiber optic,No,No,No,No,Yes,No,Month-to-month,Yes,Electronic check,83.25,308.05,No,935,0.83827084,1,High,1,Priority retention outreach; Offer annual or long-term contract incentive; Offer technical support assistance; Promote online security service; Offer online backup package; Review pricing and provide personalized offer; Provide early-stage customer engagement; Offer fiber service support or loyalty benefit
3519-ZKXGG,Female,0,Yes,No,3,Yes,Yes,Fiber optic,No,No,No,No,No,No,Month-to-month,Yes,Electronic check,75.85,256.6,Yes,4226,0.83764255,1,High,1,Priority retention outreach; Offer annual or long-term contract incentive; Offer technical support assistance; Promote online security service; Offer online backup package; Provide early-stage customer engagement; Offer fiber service support or loyalty benefit
5628-FCGYG,Male,0,No,No,21,Yes,Yes,Fiber optic,No,No,No,No,No,Yes,Month-to-month,Yes,Electronic check,84.1,1737.45,No,2150,0.83588004,1,High,1,Priority retention outreach; Offer annual or long-term contract incentive; Offer technical support assistance; Promote online security service; Offer online backup package; Review pricing and provide personalized offer; Offer fiber service support or loyalty benefit
1400-MMYXY,Male,1,Yes,No,3,Yes,Yes,Fiber optic,No,Yes,Yes,No,Yes,Yes,Month-to-month,Yes,Electronic check,105.9,334.65,Yes,6894,0.8356554,1,High,1,Priority retention outreach; Offer annual or long-term contract incentive; Offer technical support assistance; Promote online security service; Review pricing and provide personalized offer; Provide early-stage customer engagement; Offer fiber service support or loyalty benefit
3338-CVVEH,Male,0,No,No,12,Yes,Yes,Fiber optic,No,No,No,No,Yes,Yes,Month-to-month,No,Electronic check,94.55,1173.55,No,5250,0.8323989,1,High,1,Priority retention outreach; Offer annual or long-term contract incentive; Offer technical support assistance; Promote online security service; Offer online backup package; Review pricing and provide personalized offer; Offer fiber service support or loyalty benefit
2369-FEVNO,Male,0,No,No,1,Yes,No,No,No internet service,No internet service,No internet service,No internet service,No internet service,No internet service,Month-to-month,Yes,Mailed check,19.9,19.9,No,6761,0.8316054,1,High,1,Priority retention outreach; Offer annual or long-term contract incentive; Provide early-stage customer engagement
7209-JCUDS,Male,0,No,No,10,Yes,No,Fiber optic,No,No,Yes,No,Yes,Yes,Month-to-month,Yes,Electronic check,94.9,1048.85,Yes,2798,0.83058685,1,High,1,Priority retention outreach; Offer annual or long-term contract incentive; Offer technical support assistance; Promote online security service; Offer online backup package; Review pricing and provide personalized offer; Offer fiber service support or loyalty benefit
6661-HBGWL,Female,1,No,No,42,Yes,Yes,Fiber optic,No,Yes,Yes,No,Yes,Yes,Month-to-month,Yes,Bank transfer (automatic),104.75,4323.45,Yes,6544,0.8281919,1,High,0,Priority retention outreach; Offer annual or long-term contract incentive; Offer technical support assistance; Promote online security service; Review pricing and provide personalized offer; Offer fiber service support or loyalty benefit
7817-BOQPW,Female,0,No,No,2,Yes,Yes,Fiber optic,No,No,No,No,No,No,Month-to-month,Yes,Electronic check,75.55,166.3,Yes,4638,0.8279167,1,High,1,Priority retention outreach; Offer annual or long-term contract incentive; Offer technical support assistance; Promote online security service; Offer online backup package; Provide early-stage customer engagement; Offer fiber service support or loyalty benefit
3030-YDNRM,Male,0,No,No,8,Yes,Yes,Fiber optic,No,No,No,No,No,No,Month-to-month,Yes,Electronic check,74.85,572.45,No,1829,0.8264388,1,High,1,Priority retention outreach; Offer annual or long-term contract incentive; Offer technical support assistance; Promote online security service; Offer online backup package; Offer fiber service support or loyalty benefit
4706-AXVKM,Female,1,No,No,11,Yes,Yes,Fiber optic,No,No,No,No,No,Yes,Month-to-month,Yes,Credit card (automatic),84.8,906.85,Yes,3524,0.8243811,1,High,1,Priority retention outreach; Offer annual or long-term contract incentive; Offer technical support assistance; Promote online security service; Offer online backup package; Review pricing and provide personalized offer; Offer fiber service support or loyalty benefit
1077-HUUJM,Female,0,No,Yes,7,Yes,No,Fiber optic,No,No,No,No,No,No,Month-to-month,Yes,Electronic check,71.05,472.65,No,3554,0.82395583,1,High,1,Priority retention outreach; Offer annual or long-term contract incentive; Offer technical support assistance; Promote online security service; Offer online backup package; Offer fiber service support or loyalty benefit
7198-GLXTC,Male,0,No,No,2,Yes,No,Fiber optic,No,No,No,No,Yes,No,Month-to-month,No,Electronic check,79.0,143.65,Yes,1772,0.82328784,1,High,1,Priority retention outreach; Offer annual or long-term contract incentive; Offer technical support assistance; Promote online security service; Offer online backup package; Provide early-stage customer engagement; Offer fiber service support or loyalty benefit
8821-XNHVZ,Female,0,Yes,Yes,1,Yes,No,Fiber optic,No,No,No,No,Yes,No,Month-to-month,Yes,Mailed check,80.05,80.05,Yes,5300,0.82245374,1,High,1,Priority retention outreach; Offer annual or long-term contract incentive; Offer technical support assistance; Promote online security service; Offer online backup package; Review pricing and provide personalized offer; Provide early-stage customer engagement; Offer fiber service support or loyalty benefit
7278-CKDNC,Male,1,No,No,24,Yes,Yes,Fiber optic,No,Yes,No,No,No,No,Month-to-month,Yes,Electronic check,80.5,2088.45,No,4139,0.82197475,1,High,1,Priority retention outreach; Offer annual or long-term contract incentive; Offer technical support assistance; Promote online security service; Review pricing and provide personalized offer; Offer fiber service support or loyalty benefit
8361-LTMKD,Male,1,Yes,No,4,Yes,Yes,Fiber optic,No,No,No,No,No,No,Month-to-month,Yes,Mailed check,74.4,306.6,Yes,7041,0.8216486,1,High,1,Priority retention outreach; Offer annual or long-term contract incentive; Offer technical support assistance; Promote online security service; Offer online backup package; Provide early-stage customer engagement; Offer fiber service support or loyalty benefit
8873-GLDMH,Female,0,No,No,6,Yes,Yes,Fiber optic,No,No,No,No,No,No,Month-to-month,Yes,Mailed check,73.85,401.3,No,6314,0.8211147,1,High,1,Priority retention outreach; Offer annual or long-term contract incentive; Offer technical support assistance; Promote online security service; Offer online backup package; Provide early-stage customer engagement; Offer fiber service support or loyalty benefit
9907-SWKKF,Female,1,No,No,1,No,No phone service,DSL,No,No,No,No,No,No,Month-to-month,No,Mailed check,25.05,25.05,Yes,3185,0.82087696,1,High,1,Priority retention outreach; Offer annual or long-term contract incentive; Offer technical support assistance; Promote online security service; Offer online backup package; Provide early-stage customer engagement
0430-IHCDJ,Male,0,No,No,15,Yes,Yes,DSL,No,No,No,No,No,No,Month-to-month,Yes,Electronic check,49.0,749.25,No,3762,0.8194492,1,High,1,Priority retention outreach; Offer annual or long-term contract incentive; Offer technical support assistance; Promote online security service; Offer online backup package
2439-LYPMQ,Male,1,Yes,No,38,Yes,Yes,Fiber optic,No,Yes,Yes,No,Yes,Yes,Month-to-month,Yes,Electronic check,102.6,4009.2,No,1630,0.8166863,1,High,0,Priority retention outreach; Offer annual or long-term contract incentive; Offer technical support assistance; Promote online security service; Review pricing and provide personalized offer; Offer fiber service support or loyalty benefit
5159-YFPKQ,Female,0,No,No,2,Yes,No,Fiber optic,No,No,Yes,No,No,No,Month-to-month,Yes,Electronic check,75.8,160.75,Yes,2161,0.81659037,1,High,1,Priority retention outreach; Offer annual or long-term contract incentive; Offer technical support assistance; Promote online security service; Offer online backup package; Provide early-stage customer engagement; Offer fiber service support or loyalty benefit
6856-RAURS,Female,0,No,No,2,Yes,Yes,Fiber optic,No,No,No,No,No,No,Month-to-month,Yes,Mailed check,74.9,136.05,No,6362,0.81400007,1,High,1,Priority retention outreach; Offer annual or long-term contract incentive; Offer technical support assistance; Promote online security service; Offer online backup package; Provide early-stage customer engagement; Offer fiber service support or loyalty benefit
5052-PNLOS,Male,0,No,No,3,Yes,Yes,Fiber optic,No,Yes,Yes,No,Yes,Yes,Month-to-month,Yes,Bank transfer (automatic),105.35,323.25,Yes,3085,0.811885,1,High,1,Priority retention outreach; Offer annual or long-term contract incentive; Offer technical support assistance; Promote online security service; Review pricing and provide personalized offer; Provide early-stage customer engagement; Offer fiber service support or loyalty benefit
2027-FECZV,Male,0,No,No,12,Yes,Yes,Fiber optic,No,Yes,Yes,No,Yes,Yes,Month-to-month,Yes,Electronic check,106.7,1253.9,Yes,2294,0.8087474,1,High,1,Priority retention outreach; Offer annual or long-term contract incentive; Offer technical support assistance; Promote online security service; Review pricing and provide personalized offer; Offer fiber service support or loyalty benefit
4678-DVQEO,Female,0,No,No,1,Yes,No,DSL,No,No,No,Yes,No,No,Month-to-month,Yes,Electronic check,52.2,52.2,Yes,783,0.8083983,1,High,1,Priority retention outreach; Offer annual or long-term contract incentive; Promote online security service; Offer online backup package; Provide early-stage customer engagement
2845-HSJCY,Female,0,Yes,Yes,14,Yes,Yes,Fiber optic,No,No,Yes,No,No,Yes,Month-to-month,Yes,Electronic check,87.25,1258.6,Yes,1346,0.8055715,1,High,1,Priority retention outreach; Offer annual or long-term contract incentive; Offer technical support assistance; Promote online security service; Offer online backup package; Review pricing and provide personalized offer; Offer fiber service support or loyalty benefit
9741-YLNTD,Male,0,No,No,6,Yes,Yes,Fiber optic,No,No,No,Yes,No,Yes,Month-to-month,Yes,Bank transfer (automatic),87.95,522.35,No,4165,0.8052049,1,High,1,Priority retention outreach; Offer annual or long-term contract incentive; Promote online security service; Offer online backup package; Review pricing and provide personalized offer; Provide early-stage customer engagement; Offer fiber service support or loyalty benefit
2959-MJHIC,Male,0,Yes,No,4,Yes,No,Fiber optic,No,No,No,No,Yes,No,Month-to-month,Yes,Electronic check,80.35,307.4,Yes,3763,0.8038036,1,High,1,Priority retention outreach; Offer annual or long-term contract incentive; Offer technical support assistance; Promote online security service; Offer online backup package; Review pricing and provide personalized offer; Provide early-stage customer engagement; Offer fiber service support or loyalty benefit
4686-UXDML,Female,0,No,No,21,Yes,Yes,Fiber optic,No,Yes,No,No,Yes,Yes,Month-to-month,Yes,Credit card (automatic),99.85,1992.55,No,5748,0.8007125,1,High,1,Priority retention outreach; Offer annual or long-term contract incentive; Offer technical support assistance; Promote online security service; Review pricing and provide personalized offer; Offer fiber service support or loyalty benefit
7005-CCBKV,Male,0,No,No,6,Yes,No,Fiber optic,No,Yes,No,No,No,Yes,Month-to-month,Yes,Electronic check,84.4,556.35,Yes,3067,0.79364574,1,High,1,Priority retention outreach; Offer annual or long-term contract incentive; Offer technical support assistance; Promote online security service; Review pricing and provide personalized offer; Provide early-stage customer engagement; Offer fiber service support or loyalty benefit
8541-QVFKM,Female,0,No,No,8,Yes,Yes,Fiber optic,No,No,No,No,No,No,Month-to-month,Yes,Electronic check,73.5,632.2,No,5110,0.79324585,1,High,1,Priority retention outreach; Offer annual or long-term contract incentive; Offer technical support assistance; Promote online security service; Offer online backup package; Offer fiber service support or loyalty benefit
0235-KGSLC,Female,0,No,No,1,Yes,No,Fiber optic,No,No,Yes,No,Yes,No,Month-to-month,Yes,Credit card (automatic),85.55,85.55,Yes,2367,0.7899524,1,High,1,Priority retention outreach; Offer annual or long-term contract incentive; Offer technical support assistance; Promote online security service; Offer online backup package; Review pricing and provide personalized offer; Provide early-stage customer engagement; Offer fiber service support or loyalty benefit
6899-PPEEA,Female,1,No,No,37,Yes,Yes,Fiber optic,No,No,No,No,Yes,Yes,Month-to-month,Yes,Electronic check,96.55,3580.3,Yes,4307,0.78969634,1,High,0,Priority retention outreach; Offer annual or long-term contract incentive; Offer technical support assistance; Promote online security service; Offer online backup package; Review pricing and provide personalized offer; Offer fiber service support or loyalty benefit
6821-BUXUX,Female,0,No,No,13,Yes,Yes,Fiber optic,Yes,Yes,No,No,Yes,No,Month-to-month,Yes,Electronic check,96.65,1244.5,Yes,5628,0.7887923,1,High,1,Priority retention outreach; Offer annual or long-term contract incentive; Offer technical support assistance; Review pricing and provide personalized offer; Offer fiber service support or loyalty benefit
2985-FMWYF,Female,0,No,No,23,Yes,Yes,Fiber optic,No,No,No,No,Yes,Yes,Month-to-month,Yes,Electronic check,93.5,2341.55,No,6284,0.7860837,1,High,1,Priority retention outreach; Offer annual or long-term contract incentive; Offer technical support assistance; Promote online security service; Offer online backup package; Review pricing and provide personalized offer; Offer fiber service support or loyalty benefit
7571-YXDAD,Female,0,No,No,2,Yes,Yes,Fiber optic,No,No,No,No,No,No,Month-to-month,No,Credit card (automatic),74.9,147.15,Yes,4664,0.7860088,1,High,1,Priority retention outreach; Offer annual or long-term contract incentive; Offer technical support assistance; Promote online security service; Offer online backup package; Provide early-stage customer engagement; Offer fiber service support or loyalty benefit
3199-XGZCY,Female,0,No,No,8,Yes,Yes,Fiber optic,No,No,No,No,No,No,Month-to-month,Yes,Electronic check,75.25,576.7,No,3510,0.7810034,1,High,1,Priority retention outreach; Offer annual or long-term contract incentive; Offer technical support assistance; Promote online security service; Offer online backup package; Offer fiber service support or loyalty benefit
2482-CZGBB,Male,0,No,No,10,Yes,No,Fiber optic,No,No,No,No,No,No,Month-to-month,Yes,Electronic check,70.0,740.0,Yes,2231,0.78078145,1,High,1,Priority retention outreach; Offer annual or long-term contract incentive; Offer technical support assistance; Promote online security service; Offer online backup package; Offer fiber service support or loyalty benefit
5331-RGMTT,Male,1,Yes,No,54,Yes,Yes,Fiber optic,No,No,Yes,No,Yes,Yes,Month-to-month,Yes,Credit card (automatic),99.05,5295.7,No,6244,0.7770247,1,High,0,Priority retention outreach; Offer annual or long-term contract incentive; Offer technical support assistance; Promote online security service; Offer online backup package; Review pricing and provide personalized offer; Offer fiber service support or loyalty benefit
2919-HBCJO,Female,0,No,No,4,Yes,No,Fiber optic,No,Yes,No,No,No,No,Month-to-month,Yes,Bank transfer (automatic),76.65,333.6,Yes,3145,0.7756108,1,High,1,Priority retention outreach; Offer annual or long-term contract incentive; Offer technical support assistance; Promote online security service; Provide early-stage customer engagement; Offer fiber service support or loyalty benefit
8132-YPVBX,Female,0,No,No,6,Yes,No,Fiber optic,No,Yes,No,No,No,Yes,Month-to-month,Yes,Mailed check,85.95,514.6,No,5809,0.7736767,1,High,1,Priority retention outreach; Offer annual or long-term contract incentive; Offer technical support assistance; Promote online security service; Review pricing and provide personalized offer; Provide early-stage customer engagement; Offer fiber service support or loyalty benefit
6173-GOLSU,Male,1,Yes,No,67,Yes,Yes,Fiber optic,No,No,No,No,Yes,Yes,Month-to-month,Yes,Credit card (automatic),94.65,6079.0,No,3922,0.772051,1,High,0,Priority retention outreach; Offer annual or long-term contract incentive; Offer technical support assistance; Promote online security service; Offer online backup package; Review pricing and provide personalized offer; Offer fiber service support or loyalty benefit
3721-CNEYS,Female,0,No,No,2,Yes,No,Fiber optic,No,No,No,No,No,No,Month-to-month,Yes,Electronic check,70.95,137.95,Yes,4862,0.7716516,1,High,1,Priority retention outreach; Offer annual or long-term contract incentive; Offer technical support assistance; Promote online security service; Offer online backup package; Provide early-stage customer engagement; Offer fiber service support or loyalty benefit
5133-POWUA,Male,0,No,No,1,Yes,No,DSL,No,No,No,No,No,No,Month-to-month,Yes,Mailed check,45.8,45.8,No,3065,0.76992536,1,High,1,Priority retention outreach; Offer annual or long-term contract incentive; Offer technical support assistance; Promote online security service; Offer online backup package; Provide early-stage customer engagement
4237-RLAQD,Male,0,No,No,1,Yes,No,DSL,No,No,No,No,No,No,Month-to-month,Yes,Mailed check,45.85,45.85,Yes,1549,0.76992536,1,High,1,Priority retention outreach; Offer annual or long-term contract incentive; Offer technical support assistance; Promote online security service; Offer online backup package; Provide early-stage customer engagement
6077-BDPXA,Female,0,No,No,3,Yes,No,Fiber optic,No,No,No,No,No,No,Month-to-month,Yes,Electronic check,70.15,194.2,No,1206,0.76989186,1,High,1,Priority retention outreach; Offer annual or long-term contract incentive; Offer technical support assistance; Promote online security service; Offer online backup package; Provide early-stage customer engagement; Offer fiber service support or loyalty benefit
7235-NXZCP,Male,1,No,No,2,Yes,Yes,Fiber optic,No,No,No,No,No,No,Month-to-month,Yes,Mailed check,74.85,156.4,Yes,6529,0.7674044,1,High,1,Priority retention outreach; Offer annual or long-term contract incentive; Offer technical support assistance; Promote online security service; Offer online backup package; Provide early-stage customer engagement; Offer fiber service support or loyalty benefit
8280-MQRQN,Female,0,No,No,1,Yes,No,DSL,No,No,Yes,No,No,No,Month-to-month,Yes,Mailed check,50.45,50.45,Yes,4455,0.7671341,1,High,1,Priority retention outreach; Offer annual or long-term contract incentive; Offer technical support assistance; Promote online security service; Offer online backup package; Provide early-stage customer engagement
6608-QQLVK,Male,0,No,No,1,Yes,No,DSL,No,No,Yes,No,No,No,Month-to-month,Yes,Electronic check,50.5,50.5,Yes,6434,0.7671215,1,High,1,Priority retention outreach; Offer annual or long-term contract incentive; Offer technical support assistance; Promote online security service; Offer online backup package; Provide early-stage customer engagement
7587-RZNME,Male,0,No,No,3,Yes,No,DSL,No,No,No,No,No,No,Month-to-month,Yes,Electronic check,43.3,123.65,Yes,3516,0.7665035,1,High,1,Priority retention outreach; Offer annual or long-term contract incentive; Offer technical support assistance; Promote online security service; Offer online backup package; Provide early-stage customer engagement
2386-LAHRK,Male,0,No,No,1,Yes,No,DSL,No,No,No,No,Yes,No,Month-to-month,Yes,Mailed check,53.5,53.5,Yes,3090,0.7661958,1,High,1,Priority retention outreach; Offer annual or long-term contract incentive; Offer technical support assistance; Promote online security service; Offer online backup package; Provide early-stage customer engagement
2694-CIUMO,Female,0,No,No,12,Yes,Yes,Fiber optic,No,No,No,Yes,No,No,Month-to-month,Yes,Credit card (automatic),79.55,958.25,No,4986,0.76534146,1,High,1,Priority retention outreach; Offer annual or long-term contract incentive; Promote online security service; Offer online backup package; Offer fiber service support or loyalty benefit
0376-YMCJC,Male,0,No,No,23,Yes,Yes,Fiber optic,No,No,No,Yes,Yes,No,Month-to-month,Yes,Electronic check,90.6,1943.2,Yes,1059,0.7634814,1,High,1,Priority retention outreach; Offer annual or long-term contract incentive; Promote online security service; Offer online backup package; Review pricing and provide personalized offer; Offer fiber service support or loyalty benefit
6286-SUUWT,Male,0,No,No,1,Yes,No,No,No internet service,No internet service,No internet service,No internet service,No internet service,No internet service,Month-to-month,No,Mailed check,19.95,19.95,No,6107,0.76275504,1,High,1,Priority retention outreach; Offer annual or long-term contract incentive; Provide early-stage customer engagement
3292-PBZEJ,Male,1,No,No,11,Yes,Yes,Fiber optic,No,Yes,Yes,Yes,Yes,Yes,Month-to-month,Yes,Electronic check,111.4,1183.05,No,1568,0.76208544,1,High,1,Priority retention outreach; Offer annual or long-term contract incentive; Promote online security service; Review pricing and provide personalized offer; Offer fiber service support or loyalty benefit
3891-PUQOD,Female,0,No,Yes,1,Yes,No,DSL,No,No,Yes,No,No,Yes,Month-to-month,No,Electronic check,59.2,59.2,Yes,3357,0.75995594,1,High,1,Priority retention outreach; Offer annual or long-term contract incentive; Offer technical support assistance; Promote online security service; Offer online backup package; Provide early-stage customer engagement
7363-QTBIW,Female,0,Yes,No,9,Yes,No,Fiber optic,No,No,No,No,No,Yes,Month-to-month,Yes,Electronic check,79.75,769.1,No,1105,0.7592472,1,High,1,Priority retention outreach; Offer annual or long-term contract incentive; Offer technical support assistance; Promote online security service; Offer online backup package; Offer fiber service support or loyalty benefit
3063-QFSZL,Female,0,No,No,1,Yes,No,DSL,No,No,No,No,No,Yes,Month-to-month,Yes,Electronic check,55.4,55.4,Yes,6088,0.7582197,1,High,1,Priority retention outreach; Offer annual or long-term contract incentive; Offer technical support assistance; Promote online security service; Offer online backup package; Provide early-stage customer engagement
5380-WJKOV,Male,0,No,No,34,Yes,Yes,Fiber optic,No,Yes,Yes,No,Yes,Yes,Month-to-month,Yes,Electronic check,106.35,3549.25,Yes,38,0.7578313,1,High,0,Priority retention outreach; Offer annual or long-term contract incentive; Offer technical support assistance; Promote online security service; Review pricing and provide personalized offer; Offer fiber service support or loyalty benefit
9643-AVVWI,Female,0,Yes,Yes,3,Yes,No,Fiber optic,No,Yes,No,Yes,No,No,Month-to-month,Yes,Electronic check,80.0,241.3,No,3306,0.7570193,1,High,1,Priority retention outreach; Offer annual or long-term contract incentive; Promote online security service; Review pricing and provide personalized offer; Provide early-stage customer engagement; Offer fiber service support or loyalty benefit
7130-VTEWQ,Female,1,No,No,8,Yes,Yes,Fiber optic,No,No,No,No,No,No,Month-to-month,Yes,Electronic check,75.75,606.25,Yes,4343,0.75641716,1,High,1,Priority retention outreach; Offer annual or long-term contract incentive; Offer technical support assistance; Promote online security service; Offer online backup package; Offer fiber service support or loyalty benefit
9611-CTWIH,Female,0,No,No,3,Yes,No,Fiber optic,No,No,No,No,Yes,Yes,Month-to-month,Yes,Electronic check,89.45,240.45,Yes,5547,0.75634354,1,High,1,Priority retention outreach; Offer annual or long-term contract incentive; Offer technical support assistance; Promote online security service; Offer online backup package; Review pricing and provide personalized offer; Provide early-stage customer engagement; Offer fiber service support or loyalty benefit
7495-OOKFY,Female,1,Yes,No,8,Yes,Yes,Fiber optic,No,Yes,No,No,No,No,Month-to-month,Yes,Credit card (automatic),80.65,633.3,Yes,53,0.75498885,1,High,1,Priority retention outreach; Offer annual or long-term contract incentive; Offer technical support assistance; Promote online security service; Review pricing and provide personalized offer; Offer fiber service support or loyalty benefit
6047-YHPVI,Male,0,No,No,5,Yes,No,Fiber optic,No,No,No,No,No,No,Month-to-month,Yes,Electronic check,69.7,316.9,Yes,36,0.75472444,1,High,1,Priority retention outreach; Offer annual or long-term contract incentive; Offer technical support assistance; Promote online security service; Offer online backup package; Provide early-stage customer engagement; Offer fiber service support or loyalty benefit
6128-AQBMT,Male,1,Yes,No,41,No,No phone service,DSL,No,Yes,Yes,No,Yes,Yes,Month-to-month,Yes,Electronic check,53.95,2215.4,No,2709,0.7545649,1,High,1,Priority retention outreach; Offer annual or long-term contract incentive; Offer technical support assistance; Promote online security service
4806-KEXQR,Male,0,No,No,4,Yes,No,Fiber optic,No,No,No,No,No,Yes,Month-to-month,Yes,Electronic check,79.9,324.3,Yes,4466,0.753611,1,High,1,Priority retention outreach; Offer annual or long-term contract incentive; Offer technical support assistance; Promote online security service; Offer online backup package; Provide early-stage customer engagement; Offer fiber service support or loyalty benefit
2485-ITVKB,Female,0,Yes,No,2,No,No phone service,DSL,No,No,No,No,No,Yes,Month-to-month,Yes,Electronic check,35.1,68.75,Yes,1851,0.7530706,1,High,1,Priority retention outreach; Offer annual or long-term contract incentive; Offer technical support assistance; Promote online security service; Offer online backup package; Provide early-stage customer engagement
3858-VOBET,Male,0,No,No,23,Yes,Yes,Fiber optic,No,No,No,No,No,No,Month-to-month,Yes,Electronic check,74.95,1710.45,Yes,1999,0.75180495,1,High,1,Priority retention outreach; Offer annual or long-term contract incentive; Offer technical support assistance; Promote online security service; Offer online backup package; Offer fiber service support or loyalty benefit
9054-FOWNV,Male,0,Yes,Yes,22,Yes,Yes,Fiber optic,No,No,Yes,No,Yes,No,Month-to-month,Yes,Electronic check,88.75,1885.15,No,4253,0.7500104,1,High,1,Priority retention outreach; Offer annual or long-term contract incentive; Offer technical support assistance; Promote online security service; Offer online backup package; Review pricing and provide personalized offer; Offer fiber service support or loyalty benefit
4301-VVZKA,Male,0,Yes,No,16,Yes,Yes,Fiber optic,No,No,No,No,No,No,Month-to-month,Yes,Electronic check,75.4,1189.4,No,922,0.74896467,1,High,1,Priority retention outreach; Offer annual or long-term contract incentive; Offer technical support assistance; Promote online security service; Offer online backup package; Offer fiber service support or loyalty benefit
6376-GAHQE,Male,0,No,No,4,Yes,No,Fiber optic,No,No,No,No,Yes,No,Month-to-month,No,Electronic check,77.85,299.2,Yes,3081,0.7489154,1,High,1,Priority retention outreach; Offer annual or long-term contract incentive; Offer technical support assistance; Promote online security service; Offer online backup package; Provide early-stage customer engagement; Offer fiber service support or loyalty benefit
4892-VLANZ,Male,0,No,No,1,Yes,No,No,No internet service,No internet service,No internet service,No internet service,No internet service,No internet service,Month-to-month,No,Mailed check,19.8,19.8,Yes,3142,0.74694264,1,High,1,Priority retention outreach; Offer annual or long-term contract incentive; Provide early-stage customer engagement
4706-DGAHW,Male,1,No,No,1,Yes,No,DSL,No,No,No,No,No,No,Month-to-month,No,Electronic check,45.2,45.2,No,2296,0.7460617,1,High,1,Priority retention outreach; Offer annual or long-term contract incentive; Offer technical support assistance; Promote online security service; Offer online backup package; Provide early-stage customer engagement
1833-TCXKK,Male,0,Yes,No,45,Yes,Yes,Fiber optic,No,Yes,Yes,No,Yes,Yes,Month-to-month,Yes,Bank transfer (automatic),107.75,4882.8,No,5444,0.74593246,1,High,0,Priority retention outreach; Offer annual or long-term contract incentive; Offer technical support assistance; Promote online security service; Review pricing and provide personalized offer; Offer fiber service support or loyalty benefit
4631-OACRM,Male,1,No,No,15,Yes,No,Fiber optic,No,No,No,No,No,Yes,Month-to-month,Yes,Electronic check,79.4,1156.1,Yes,5499,0.7454398,1,High,1,Priority retention outreach; Offer annual or long-term contract incentive; Offer technical support assistance; Promote online security service; Offer online backup package; Offer fiber service support or loyalty benefit
2307-FYNNL,Male,1,No,No,65,Yes,Yes,Fiber optic,Yes,No,Yes,Yes,Yes,Yes,Two year,Yes,Electronic check,109.05,7108.2,No,1775,0.74511826,1,High,0,Priority retention outreach; Offer online backup package; Review pricing and provide personalized offer; Offer fiber service support or loyalty benefit
1867-BDVFH,Male,0,Yes,Yes,11,Yes,Yes,Fiber optic,No,No,No,No,No,No,Month-to-month,Yes,Electronic check,74.35,834.2,Yes,5003,0.7447263,1,High,1,Priority retention outreach; Offer annual or long-term contract incentive; Offer technical support assistance; Promote online security service; Offer online backup package; Offer fiber service support or loyalty benefit
9279-CJEOJ,Female,1,No,No,21,Yes,Yes,Fiber optic,No,No,No,No,Yes,Yes,Month-to-month,Yes,Bank transfer (automatic),95.4,2025.1,No,5533,0.7443579,1,High,1,Priority retention outreach; Offer annual or long-term contract incentive; Offer technical support assistance; Promote online security service; Offer online backup package; Review pricing and provide personalized offer; Offer fiber service support or loyalty benefit
8938-UMKPI,Female,0,No,No,47,Yes,Yes,Fiber optic,No,Yes,Yes,No,Yes,Yes,Month-to-month,Yes,Electronic check,106.4,5127.95,Yes,3910,0.74381244,1,High,0,Priority retention outreach; Offer annual or long-term contract incentive; Offer technical support assistance; Promote online security service; Review pricing and provide personalized offer; Offer fiber service support or loyalty benefit
7239-HZZCX,Male,0,No,No,1,Yes,No,No,No internet service,No internet service,No internet service,No internet service,No internet service,No internet service,Month-to-month,No,Mailed check,19.75,19.75,Yes,4065,0.7378334,1,High,1,Priority retention outreach; Offer annual or long-term contract incentive; Provide early-stage customer engagement
3930-ZGWVE,Male,0,No,No,1,Yes,No,No,No internet service,No internet service,No internet service,No internet service,No internet service,No internet service,Month-to-month,No,Mailed check,19.75,19.75,No,128,0.7378334,1,High,1,Priority retention outreach; Offer annual or long-term contract incentive; Provide early-stage customer engagement
7534-BFESC,Male,1,No,No,24,Yes,Yes,Fiber optic,No,No,No,No,No,No,Month-to-month,Yes,Electronic check,76.1,1712.7,Yes,290,0.7351165,1,High,1,Priority retention outreach; Offer annual or long-term contract incentive; Offer technical support assistance; Promote online security service; Offer online backup package; Offer fiber service support or loyalty benefit
4817-VYYWS,Female,0,No,No,30,Yes,Yes,Fiber optic,No,Yes,No,No,Yes,Yes,Month-to-month,Yes,Electronic check,100.2,2983.8,Yes,3864,0.73400176,1,High,0,Priority retention outreach; Offer annual or long-term contract incentive; Offer technical support assistance; Promote online security service; Review pricing and provide personalized offer; Offer fiber service support or loyalty benefit
0988-JRWWP,Female,0,No,No,3,Yes,No,DSL,No,No,No,No,Yes,No,Month-to-month,Yes,Electronic check,54.2,140.4,No,4478,0.73268765,1,High,1,Priority retention outreach; Offer annual or long-term contract incentive; Offer technical support assistance; Promote online security service; Offer online backup package; Provide early-stage customer engagement
2057-ZBLPD,Female,0,Yes,No,21,Yes,Yes,Fiber optic,No,No,No,No,No,Yes,Month-to-month,Yes,Electronic check,86.5,1808.7,Yes,4393,0.7306695,1,High,1,Priority retention outreach; Offer annual or long-term contract incentive; Offer technical support assistance; Promote online security service; Offer online backup package; Review pricing and provide personalized offer; Offer fiber service support or loyalty benefit
8818-DOPVL,Female,1,No,No,46,Yes,Yes,Fiber optic,No,Yes,Yes,No,Yes,Yes,Month-to-month,Yes,Electronic check,104.45,4863.85,No,4264,0.72810864,1,High,0,Priority retention outreach; Offer annual or long-term contract incentive; Offer technical support assistance; Promote online security service; Review pricing and provide personalized offer; Offer fiber service support or loyalty benefit
6834-NXDCA,Female,0,No,No,13,No,No phone service,DSL,No,No,No,No,No,No,Month-to-month,Yes,Electronic check,23.9,300.8,Yes,4132,0.72777003,1,High,1,Priority retention outreach; Offer annual or long-term contract incentive; Offer technical support assistance; Promote online security service; Offer online backup package
0390-DCFDQ,Female,1,Yes,No,1,Yes,No,Fiber optic,No,No,No,No,No,No,Month-to-month,Yes,Mailed check,70.45,70.45,Yes,139,0.72772765,1,High,1,Priority retention outreach; Offer annual or long-term contract incentive; Offer technical support assistance; Promote online security service; Offer online backup package; Provide early-stage customer engagement; Offer fiber service support or loyalty benefit
4342-HENTK,Female,1,No,No,2,Yes,No,Fiber optic,No,No,No,No,No,No,Month-to-month,Yes,Electronic check,70.65,142.35,Yes,6273,0.72342145,1,High,1,Priority retention outreach; Offer annual or long-term contract incentive; Offer technical support assistance; Promote online security service; Offer online backup package; Provide early-stage customer engagement; Offer fiber service support or loyalty benefit
6543-XRMYR,Female,1,No,No,30,Yes,Yes,Fiber optic,No,Yes,No,No,Yes,Yes,Month-to-month,Yes,Electronic check,99.7,2967.35,Yes,4448,0.7221145,1,High,0,Priority retention outreach; Offer annual or long-term contract incentive; Offer technical support assistance; Promote online security service; Review pricing and provide personalized offer; Offer fiber service support or loyalty benefit
8650-RHRKE,Male,0,No,No,4,No,No phone service,DSL,No,No,Yes,No,No,No,Month-to-month,Yes,Electronic check,29.65,118.5,Yes,6174,0.72161514,1,High,1,Priority retention outreach; Offer annual or long-term contract incentive; Offer technical support assistance; Promote online security service; Offer online backup package; Provide early-stage customer engagement
1319-YLZJG,Male,0,Yes,No,12,Yes,No,Fiber optic,Yes,Yes,Yes,No,No,No,Month-to-month,Yes,Electronic check,84.6,959.9,No,4733,0.7146836,1,High,1,Priority retention outreach; Offer annual or long-term contract incentive; Offer technical support assistance; Review pricing and provide personalized offer; Offer fiber service support or loyalty benefit
5480-HPRRX,Female,1,No,No,3,No,No phone service,DSL,No,No,No,No,No,No,Month-to-month,No,Electronic check,25.3,77.75,Yes,6864,0.7146045,1,High,1,Priority retention outreach; Offer annual or long-term contract incentive; Offer technical support assistance; Promote online security service; Offer online backup package; Provide early-stage customer engagement
9629-NHXFW,Female,0,Yes,Yes,1,Yes,No,No,No internet service,No internet service,No internet service,No internet service,No internet service,No internet service,Month-to-month,Yes,Mailed check,19.4,19.4,No,3376,0.71448684,1,High,1,Priority retention outreach; Offer annual or long-term contract incentive; Provide early-stage customer engagement
5501-TVMGM,Male,0,No,No,1,Yes,No,DSL,No,No,No,No,No,Yes,Month-to-month,Yes,Electronic check,55.25,55.25,No,3202,0.7144595,1,High,1,Priority retention outreach; Offer annual or long-term contract incentive; Offer technical support assistance; Promote online security service; Offer online backup package; Provide early-stage customer engagement
2778-OCLGR,Male,1,Yes,No,24,No,No phone service,DSL,Yes,No,No,No,No,Yes,Month-to-month,No,Bank transfer (automatic),39.1,971.3,Yes,4740,0.71388,1,High,1,Priority retention outreach; Offer annual or long-term contract incentive; Offer technical support assistance; Offer online backup package
9692-TUSXH,Female,0,No,No,18,Yes,No,Fiber optic,Yes,No,No,No,Yes,Yes,Month-to-month,Yes,Electronic check,96.05,1740.7,Yes,4994,0.71372294,1,High,1,Priority retention outreach; Offer annual or long-term contract incentive; Offer technical support assistance; Offer online backup package; Review pricing and provide personalized offer; Offer fiber service support or loyalty benefit
4919-IKATY,Male,0,Yes,Yes,5,Yes,Yes,Fiber optic,Yes,No,Yes,No,No,No,Month-to-month,Yes,Electronic check,84.5,453.75,Yes,5360,0.7132471,1,High,1,Priority retention outreach; Offer annual or long-term contract incentive; Offer technical support assistance; Offer online backup package; Review pricing and provide personalized offer; Provide early-stage customer engagement; Offer fiber service support or loyalty benefit
1379-FRVEB,Male,0,No,Yes,15,Yes,Yes,Fiber optic,No,Yes,No,No,Yes,No,Month-to-month,Yes,Electronic check,91.0,1430.05,No,2136,0.71191263,1,High,1,Priority retention outreach; Offer annual or long-term contract incentive; Offer technical support assistance; Promote online security service; Review pricing and provide personalized offer; Offer fiber service support or loyalty benefit
3312-UUMZW,Male,0,Yes,No,32,Yes,Yes,Fiber optic,No,Yes,No,No,Yes,Yes,Month-to-month,Yes,Credit card (automatic),98.85,3145.9,No,1114,0.7102042,1,High,0,Priority retention outreach; Offer annual or long-term contract incentive; Offer technical support assistance; Promote online security service; Review pricing and provide personalized offer; Offer fiber service support or loyalty benefit
7029-RPUAV,Male,1,Yes,No,17,Yes,Yes,Fiber optic,No,No,Yes,No,Yes,Yes,Month-to-month,Yes,Credit card (automatic),100.45,1622.45,Yes,1088,0.70559573,1,High,1,Priority retention outreach; Offer annual or long-term contract incentive; Offer technical support assistance; Promote online security service; Offer online backup package; Review pricing and provide personalized offer; Offer fiber service support or loyalty benefit
7218-HKQFK,Male,0,Yes,No,2,Yes,No,Fiber optic,No,No,No,Yes,Yes,Yes,Month-to-month,Yes,Electronic check,94.2,167.5,Yes,507,0.704824,1,High,1,Priority retention outreach; Offer annual or long-term contract incentive; Promote online security service; Offer online backup package; Review pricing and provide personalized offer; Provide early-stage customer engagement; Offer fiber service support or loyalty benefit
3750-CKVKH,Male,0,No,No,2,Yes,No,Fiber optic,No,No,No,No,No,No,Month-to-month,Yes,Electronic check,67.75,116.65,Yes,4556,0.7045558,1,High,1,Priority retention outreach; Offer annual or long-term contract incentive; Offer technical support assistance; Promote online security service; Offer online backup package; Provide early-stage customer engagement; Offer fiber service support or loyalty benefit
8212-DJRCH,Male,0,Yes,Yes,5,Yes,No,Fiber optic,Yes,No,Yes,No,No,Yes,Month-to-month,Yes,Mailed check,90.35,434.5,No,6804,0.70364773,1,High,1,Priority retention outreach; Offer annual or long-term contract incentive; Offer technical support assistance; Offer online backup package; Review pricing and provide personalized offer; Provide early-stage customer engagement; Offer fiber service support or loyalty benefit
5606-AMZBO,Female,0,Yes,No,10,Yes,Yes,Fiber optic,Yes,No,No,No,No,No,Month-to-month,Yes,Credit card (automatic),78.15,765.15,No,4079,0.70337903,1,High,1,Priority retention outreach; Offer annual or long-term contract incentive; Offer technical support assistance; Offer online backup package; Offer fiber service support or loyalty benefit
0685-MLYYM,Female,1,No,No,2,Yes,No,Fiber optic,No,No,No,No,No,No,Month-to-month,No,Electronic check,70.75,154.85,Yes,6726,0.7027623,1,High,1,Priority retention outreach; Offer annual or long-term contract incentive; Offer technical support assistance; Promote online security service; Offer online backup package; Provide early-stage customer engagement; Offer fiber service support or loyalty benefit
7957-RYHQD,Female,1,No,No,40,Yes,No,Fiber optic,Yes,Yes,No,No,No,No,Month-to-month,Yes,Credit card (automatic),79.2,3233.85,Yes,6740,0.70232505,1,High,0,Priority retention outreach; Offer annual or long-term contract incentive; Offer technical support assistance; Offer fiber service support or loyalty benefit
6319-IEJWJ,Male,0,Yes,Yes,20,Yes,No,Fiber optic,No,No,No,No,Yes,Yes,Month-to-month,Yes,Electronic check,90.2,1776.55,Yes,3918,0.70222044,1,High,1,Priority retention outreach; Offer annual or long-term contract incentive; Offer technical support assistance; Promote online security service; Offer online backup package; Review pricing and provide personalized offer; Offer fiber service support or loyalty benefit
5442-BHQNG,Female,0,No,No,2,Yes,No,Fiber optic,No,No,No,No,No,No,Month-to-month,No,Electronic check,70.35,139.25,No,6308,0.70199764,1,High,1,Priority retention outreach; Offer annual or long-term contract incentive; Offer technical support assistance; Promote online security service; Offer online backup package; Provide early-stage customer engagement; Offer fiber service support or loyalty benefit
3312-ZWLGF,Male,1,Yes,No,29,Yes,Yes,Fiber optic,No,No,No,Yes,No,No,Month-to-month,Yes,Electronic check,79.3,2414.55,No,5700,0.70084035,1,High,1,Priority retention outreach; Offer annual or long-term contract incentive; Promote online security service; Offer online backup package; Offer fiber service support or loyalty benefit
2860-RANUS,Female,1,No,No,20,Yes,Yes,Fiber optic,No,No,No,No,No,Yes,Month-to-month,Yes,Credit card (automatic),85.8,1727.5,Yes,3975,0.70077527,1,High,1,Priority retention outreach; Offer annual or long-term contract incentive; Offer technical support assistance; Promote online security service; Offer online backup package; Review pricing and provide personalized offer; Offer fiber service support or loyalty benefit
